0.000000000000000000e+00,0.000000000000000000e+00
-1.543854248470297001e-02,0.000000000000000000e+00
-3.087708496940594002e-02,0.000000000000000000e+00
-4.631562745410890830e-02,0.000000000000000000e+00
-6.175416993881188005e-02,0.000000000000000000e+00
-7.719271242351485873e-02,0.000000000000000000e+00
-9.263125490821781660e-02,0.000000000000000000e+00
-1.032431345900297059e-01,0.000000000000000000e+00
-1.113713653973527201e-01,0.000000000000000000e+00
-1.194995962046757204e-01,0.000000000000000000e+00
-1.276278270119987068e-01,0.000000000000000000e+00
-1.349506465337132755e-01,0.000000000000000000e+00
-1.012129849002843529e-01,0.000000000000000000e+00
-6.747532326685545812e-02,0.000000000000000000e+00
-3.373766163342655638e-02,0.000000000000000000e+00
2.255919122256047076e-15,0.000000000000000000e+00
3.373766163343200342e-02,0.000000000000000000e+00
6.747532326686164761e-02,0.000000000000000000e+00
1.012129849002913057e-01,0.000000000000000000e+00
1.349506465337209360e-01,0.000000000000000000e+00
1.276278270120054792e-01,0.000000000000000000e+00
1.194995962046820348e-01,0.000000000000000000e+00
1.113713653973585904e-01,0.000000000000000000e+00
1.032431345900351460e-01,0.000000000000000000e+00
9.263125490822268771e-02,0.000000000000000000e+00
7.719271242351891105e-02,0.000000000000000000e+00
6.175416993881512745e-02,0.000000000000000000e+00
4.631562745411134385e-02,0.000000000000000000e+00
3.087708496940756372e-02,0.000000000000000000e+00
1.543854248470378186e-02,0.000000000000000000e+00
0.000000000000000000e+00,0.000000000000000000e+00
0.000000000000000000e+00,3.331845227549466715e-02
-7.641804858848548487e-02,1.498928622223125303e-03
-1.053490725651402560e-01,-5.042716927727767910e-03
-1.058371942274409366e-01,2.564048584740373504e-03
-1.062327851972895421e-01,1.018851578224984344e-02
-1.065326813165832220e-01,1.783128998751760258e-02
-1.067335613793330834e-01,2.549300656747775090e-02
-1.068319366458514580e-01,3.317433293928133409e-02
-1.120186875228672829e-01,2.095775718440099494e-02
-1.178309128428942226e-01,5.845377913395311334e-03
-1.235449878796623380e-01,-9.409926271382151874e-03
-1.291578349538761161e-01,-2.481263703858603217e-02
-1.076697145194748378e-01,-3.193387588526071241e-02
-7.180022029720237176e-02,-3.464449888419488671e-02
-3.591038727115588441e-02,-3.740926815855302734e-02
1.124366492179891098e-15,-4.022875725956635840e-02
3.591038727115711954e-02,-3.740926815855323551e-02
7.180022029720238563e-02,-3.464449888419532386e-02
1.076697145194736027e-01,-3.193387588526136467e-02
1.291578349538743953e-01,-2.481263703858678851e-02
1.235449878796602008e-01,-9.409926271382356572e-03
1.178309128428917524e-01,5.845377913395647870e-03
1.120186875228644796e-01,2.095775718440188659e-02
1.068319366458486547e-01,3.317433293928261084e-02
1.067335613793321258e-01,2.549300656747844826e-02
1.065326813165840963e-01,1.783128998751772748e-02
1.062327851972922343e-01,1.018851578224940282e-02
1.058371942274455024e-01,2.564048584739371701e-03
1.053490725651466259e-01,-5.042716927729316151e-03
7.641804858849104987e-02,1.498928622221979519e-03
0.000000000000000000e+00,3.331845227549834476e-02
0.000000000000000000e+00,6.663690455098933429e-02
-5.992645447617708787e-02,4.047743393925894162e-02
-1.201160340010997002e-01,1.321429666467940564e-02
-1.574920810719209474e-01,-1.115788448796693755e-03
-1.526638007380547724e-01,7.345646002204013827e-03
-1.477754480094354006e-01,1.577960129802239223e-02
-1.428243272086842652e-01,2.418484434420109519e-02
-1.378075571146564204e-01,3.256005717225760043e-02
-1.332551534044648378e-01,3.779839492641075965e-02
-1.336362050065516838e-01,1.350309195942780288e-02
-1.338952850628815638e-01,-1.119674377911299493e-02
-1.340273265276303305e-01,-3.631791773410547597e-02
-1.223951555273286168e-01,-5.804202271597644347e-02
-8.170979534462606553e-02,-7.045836324885296209e-02
-4.091194249155209739e-02,-8.299140083313011340e-02
9.831237937981997918e-16,-9.564279212313701872e-02
4.091194249155367252e-02,-8.299140083312944727e-02
8.170979534462689819e-02,-7.045836324885192126e-02
1.223951555273286029e-01,-5.804202271597523610e-02
1.340273265276306913e-01,-3.631791773410478902e-02
1.338952850628813696e-01,-1.119674377911237910e-02
1.336362050065507678e-01,1.350309195942859045e-02
1.332551534044630892e-01,3.779839492641190457e-02
1.378075571146558376e-01,3.256005717225764901e-02
1.428243272086850701e-01,2.418484434420033538e-02
1.477754480094378153e-01,1.577960129802078934e-02
1.526638007380589357e-01,7.345646002201527101e-03
1.574920810719270259e-01,-1.115788448800110293e-03
1.201160340011064726e-01,1.321429666467630396e-02
5.992645447618125121e-02,4.047743393925894856e-02
0.000000000000000000e+00,6.663690455099668952e-02
0.000000000000000000e+00,9.995535682648400144e-02
-4.323377668959908077e-02,7.952495285524724400e-02
-9.319572422754582308e-02,5.445159294540390105e-02
-1.435972697545422339e-01,2.957745270029259188e-02
-1.924400392707002472e-01,3.129074653831817165e-03
-1.864106004128364413e-01,1.072242468473614402e-02
-1.801695652539166415e-01,1.820415754589882126e-02
-1.737042838429080360e-01,2.556760038092013854e-02
-1.670008944653593730e-01,3.280544112750461566e-02
-1.614188373210270477e-01,2.614636242937947927e-02
-1.586167787181131938e-01,-1.136353896365737033e-02
-1.555944267226675726e-01,-4.995172458785327591e-02
-1.523391521334849508e-01,-8.968001140628292789e-02
-1.044489363380434743e-01,-1.127551601994178088e-01
-5.239448136384479426e-02,-1.345151739522434386e-01
2.778595280617213045e-16,-1.564645475838764843e-01
5.239448136384361465e-02,-1.345151739522405798e-01
1.044489363380389224e-01,-1.127551601994129099e-01
1.523391521334784837e-01,-8.968001140627801515e-02
1.555944267226606059e-01,-4.995172458785115954e-02
1.586167787181065880e-01,-1.136353896365678573e-02
1.614188373210216354e-01,2.614636242937969091e-02
1.670008944653548766e-01,3.280544112750322788e-02
1.737042838429032898e-01,2.556760038091862586e-02
1.801695652539110348e-01,1.820415754589725654e-02
1.864106004128293081e-01,1.072242468473458624e-02
1.924400392706910878e-01,3.129074653830325736e-03
1.435972697545430388e-01,2.957745270028874079e-02
9.319572422755012520e-02,5.445159294540062589e-02
4.323377668960179387e-02,7.952495285524838198e-02
0.000000000000000000e+00,9.995535682649503428e-02
0.000000000000000000e+00,1.332738091019786686e-01
-2.633605696511558472e-02,1.186428438793763057e-01
-6.608816827304384023e-02,9.570647909707157008e-02
-1.113196045352617819e-01,7.264660605519171477e-02
-1.591815226940319350e-01,4.917158241445063194e-02
-2.201766957239683908e-01,1.986431465558733886e-02
-2.302924257085467441e-01,1.267585448904273888e-02
-2.208871807057006809e-01,1.761452298601220989e-02
-2.117705612840795892e-01,2.199224717914621818e-02
-2.029672044433279976e-01,2.576114501808890456e-02
-1.967313526359903975e-01,-2.351886240610955719e-03
-1.927013243325788605e-01,-5.968316506445589531e-02
-1.888930314461824134e-01,-1.191390986296015364e-01
-1.471563333503531357e-01,-1.660294596657268251e-01
-7.405477677514644974e-02,-2.020212411477110837e-01
-6.223363351814177745e-15,-2.387027119626000948e-01
7.405477677514187007e-02,-2.020212411477094738e-01
1.471563333503538573e-01,-1.660294596657250488e-01
1.888930314461877702e-01,-1.191390986296008980e-01
1.927013243325838565e-01,-5.968316506445405650e-02
1.967313526359937836e-01,-2.351886240606861772e-03
2.029672044433304123e-01,2.576114501808890109e-02
2.117705612840832252e-01,2.199224717914483387e-02
2.208871807057071757e-01,1.761452298600960781e-02
2.302924257085575410e-01,1.267585448903908035e-02
2.201766957239803535e-01,1.986431465558570128e-02
1.591815226940272165e-01,4.917158241444791189e-02
1.113196045352619901e-01,7.264660605518685754e-02
6.608816827304564434e-02,9.570647909706810064e-02
2.633605696511684413e-02,1.186428438793785400e-01
0.000000000000000000e+00,1.332738091019933790e-01
0.000000000000000000e+00,1.665922613774733496e-01
-9.229225991659349010e-03,1.578325036332418052e-01
-3.878876794305791131e-02,1.369793870732103624e-01
-7.896706649237494879e-02,1.158401235020553866e-01
-1.242599877183382384e-01,9.632882269393702734e-02
-1.788723505493924060e-01,7.388918254191294277e-02
-2.304089162553712988e-01,4.129403900678456363e-02
-2.744526636513023865e-01,1.471136218773907642e-02
-2.723001898018907463e-01,1.463062679972846475e-02
-2.692969371652502164e-01,1.420802419830251122e-02
-2.653390242434101598e-01,1.340181183090853947e-02
-2.565022987654695941e-01,-5.701659548621323959e-02
-2.431517021091707531e-01,-1.580930912769879793e-01
-2.100539487334575073e-01,-2.540047492486853242e-01
-1.059034781068637632e-01,-2.905758866206379909e-01
-1.006080421025093719e-14,-3.263944586923195335e-01
1.059034781068460968e-01,-2.905758866206408775e-01
2.100539487334408539e-01,-2.540047492486907088e-01
2.431517021091672559e-01,-1.580930912769953900e-01
2.565022987654780318e-01,-5.701659548621610535e-02
2.653390242434282564e-01,1.340181183090525044e-02
2.692969371652688682e-01,1.420802419830099333e-02
2.723001898019068445e-01,1.463062679972726779e-02
2.744526636513129336e-01,1.471136218773688546e-02
2.304089162553720760e-01,4.129403900678174644e-02
1.788723505493982902e-01,7.388918254191578772e-02
1.242599877183366286e-01,9.632882269393359953e-02
7.896706649237479614e-02,1.158401235020495024e-01
3.878876794305716885e-02,1.369793870732066987e-01
9.229225991659126965e-03,1.578325036332451359e-01
0.000000000000000000e+00,1.665922613774917238e-01
0.000000000000000000e+00,1.999107136529680029e-01
8.090900716592965350e-03,1.970953682673789453e-01
-1.129275645345143714e-02,1.782707646646235766e-01
-4.653733180716161655e-02,1.591618649140805752e-01
-8.897586339724566917e-02,1.438761934207995474e-01
-1.369728696553469127e-01,1.285543907124539753e-01
-1.951355132992508290e-01,1.017085026448599633e-01
-2.765815218021087651e-01,7.128308211523197435e-02
-3.654077791798584496e-01,2.094199145797384989e-02
-3.520567942245409476e-01,8.955738594615606299e-03
-3.432714877019906741e-01,-1.306800706407460454e-02
-3.398911503446875315e-01,-4.697439839176219961e-02
-3.445738907870362078e-01,-1.642303517686508618e-01
-3.610296718999323473e-01,-2.808154925986681705e-01
-2.044695648351622097e-01,-4.334223117303879769e-01
1.089994272161885349e-14,-6.075468664642428296e-01
2.044695648351873285e-01,-4.334223117303896977e-01
3.610296718999572718e-01,-2.808154925986781625e-01
3.445738907870477541e-01,-1.642303517686596048e-01
3.398911503446947480e-01,-4.697439839177000587e-02
3.432714877019921729e-01,-1.306800706408032392e-02
3.520567942245459436e-01,8.955738594614695569e-03
3.654077791798752139e-01,2.094199145797964040e-02
2.765815218021222543e-01,7.128308211523763649e-02
1.951355132992512453e-01,1.017085026448582563e-01
1.369728696553458025e-01,1.285543907124617469e-01
8.897586339724671001e-02,1.438761934207956894e-01
4.653733180716136675e-02,1.591618649140735808e-01
1.129275645344814637e-02,1.782707646646196631e-01
-8.090900716594680991e-03,1.970953682673832474e-01
0.000000000000000000e+00,1.999107136529900686e-01
0.000000000000000000e+00,2.053253710035710944e-01
1.723879290528266064e-02,2.215754541200795069e-01
1.531511621473843031e-02,2.183835707189517028e-01
-1.402796494515894457e-02,2.026158757248082420e-01
-5.331467347158946879e-02,1.918292704235504409e-01
-9.470848054454711340e-02,1.838184253123296974e-01
-1.607977306811295137e-01,1.628680821228546682e-01
-2.292008498901252078e-01,1.531517736320747169e-01
-3.150365253660967202e-01,1.118854773220140375e-01
-3.629561411231322365e-01,5.818721165185056221e-02
-4.427492103932024192e-01,-9.396374580449531194e-03
-4.557206503002025344e-01,-7.568547207317231212e-03
-4.520938696062976603e-01,-3.679916291025190495e-02
-4.478239531151683717e-01,-4.725056140420695883e-01
-3.035468635469345533e-01,-7.370359862986372024e-01
-5.047860087988537783e-14,-6.337471296702188450e-01
3.035468635469104615e-01,-7.370359862986602950e-01
4.478239531151545494e-01,-4.725056140421026174e-01
4.520938696062394291e-01,-3.679916291019674768e-02
4.557206503001740017e-01,-7.568547207307350227e-03
4.427492103931796041e-01,-9.396374580461556297e-03
3.629561411230753931e-01,5.818721165183773913e-02
3.150365253660979969e-01,1.118854773220190751e-01
2.292008498901243196e-01,1.531517736320877621e-01
1.607977306811304297e-01,1.628680821228534747e-01
9.470848054453853693e-02,1.838184253123425482e-01
5.331467347159263293e-02,1.918292704235463608e-01
1.402796494515885090e-02,2.026158757248000541e-01
-1.531511621474366397e-02,2.183835707189470676e-01
-1.723879290528531130e-02,2.215754541200831984e-01
0.000000000000000000e+00,2.053253710035941870e-01
0.000000000000000000e+00,1.963816130910104873e-01
1.055707861996752969e-02,2.180557308986086074e-01
9.104170683920134038e-03,2.223935944381366658e-01
-5.196247060810365616e-03,2.231936877988498491e-01
-2.892244743362562889e-02,2.276154911215726440e-01
-5.605617009512768589e-02,2.363029551074728452e-01
-1.274598970538844966e-01,2.248240079412962555e-01
-1.776509068808506120e-01,2.393274672208842990e-01
-2.731334121292533501e-01,2.006832089973212829e-01
-3.955865476177043982e-01,1.565260492088128563e-01
-6.140912272422283102e-01,7.581479372155587593e-02
-9.233270576264016594e-01,3.918024712258703912e-02
-1.047271023067866569e+00,-1.654721990097726136e-01
-1.040172912984603792e+00,-6.083161771232152848e-01
-5.319481552853420059e-01,-9.210307375748110204e-01
-2.731382306164539543e-14,-1.378231123645687228e+00
5.319481552851791362e-01,-9.210307375748092440e-01
1.040172912984713260e+00,-6.083161771233790427e-01
1.047271023067952722e+00,-1.654721990098230455e-01
9.233270576264758223e-01,3.918024712262281606e-02
6.140912272422887064e-01,7.581479372154387164e-02
3.955865476177042872e-01,1.565260492087866551e-01
2.731334121292504635e-01,2.006832089973227262e-01
1.776509068808323488e-01,2.393274672209049492e-01
1.274598970538867448e-01,2.248240079412948123e-01
5.605617009511486976e-02,2.363029551074872781e-01
2.892244743362879997e-02,2.276154911215676480e-01
5.196247060810373422e-03,2.231936877988429380e-01
-9.104170683923877572e-03,2.223935944381336682e-01
-1.055707861997003810e-02,2.180557308986086351e-01
0.000000000000000000e+00,1.963816130910332747e-01
0.000000000000000000e+00,1.874378551784499081e-01
3.796346212720383764e-03,2.146001524484167922e-01
2.969510843717240896e-03,2.266109101275275706e-01
-5.402355150805962514e-03,2.349547169599647822e-01
-2.146210126654848199e-02,2.450554103963147323e-01
-4.387950519059276300e-02,2.582758562487308396e-01
-9.244048101951835017e-02,2.744621577344946717e-01
-1.313335245032554721e-01,3.052785545292687197e-01
-2.387537406241538318e-01,2.875196695176552852e-01
-4.337509954549179647e-01,3.085326709291498770e-01
-6.747473208406743472e-01,4.537273099026910561e-01
-9.703414625647451830e-01,4.697667363286518460e-01
-9.710926597601895471e-01,-2.587769785892386487e-01
-4.426092902292654840e-01,-1.093424635907618070e+00
-7.074600209803354710e-03,-1.460113185286776138e+00
-1.805954400600257285e-14,-1.465389991264587133e+00
7.074600209811683117e-03,-1.460113185286801674e+00
4.426092902291682285e-01,-1.093424635907771503e+00
9.710926597599944810e-01,-2.587769785892506946e-01
9.703414625646655800e-01,4.697667363286952558e-01
6.747473208406767897e-01,4.537273099027851475e-01
4.337509954549516600e-01,3.085326709291209557e-01
2.387537406241568294e-01,2.875196695176493455e-01
1.313335245032346554e-01,3.052785545292853175e-01
9.244048101952055674e-02,2.744621577345010555e-01
4.387950519058713555e-02,2.582758562487407206e-01
2.146210126654874220e-02,2.450554103963080710e-01
5.402355150805154133e-03,2.349547169599605911e-01
-2.969510843719447898e-03,2.266109101275264048e-01
-3.796346212722743856e-03,2.146001524484131839e-01
0.000000000000000000e+00,1.874378551784723346e-01
0.000000000000000000e+00,1.784940972658892733e-01
-3.044911243957420209e-03,2.112099420524344018e-01
-3.087065726852602360e-03,2.310404023689268671e-01
-5.264593136517167933e-03,2.469636017229612512e-01
-1.375332174375581973e-02,2.626652303367351671e-01
-3.001764552537689729e-02,2.819651343510646835e-01
-5.429480687828032448e-02,3.228845887436441187e-01
-9.594570912178593258e-02,3.414839335888384952e-01
-1.820476857084277755e-01,3.994021060563107683e-01
-3.124596371361729741e-01,4.977862765764608510e-01
-4.953711306179019447e-01,6.872976099685494944e-01
-5.923404102882752209e-01,8.088464421927183956e-01
-2.616560895381095930e-01,-6.953049593121642946e-01
-7.005713668277005783e-04,-1.464730120724424101e+00
-9.034758323637958818e-04,-1.464379544467185656e+00
2.995001304585981535e-14,-1.464361933468484089e+00
9.034758324083446649e-04,-1.464379544467160787e+00
7.005713668013795106e-04,-1.464730120724473394e+00
2.616560895380421470e-01,-6.953049593122180294e-01
5.923404102882025013e-01,8.088464421925979364e-01
4.953711306178534834e-01,6.872976099685504936e-01
3.124596371361764158e-01,4.977862765764580200e-01
1.820476857084268318e-01,3.994021060563144321e-01
9.594570912178494726e-02,3.414839335888342764e-01
5.429480687828115021e-02,3.228845887436629369e-01
3.001764552537809425e-02,2.819651343510709562e-01
1.375332174375375714e-02,2.626652303367268404e-01
5.264593136515329994e-03,2.469636017229595026e-01
3.087065726851968318e-03,2.310404023689278108e-01
3.044911243955211039e-03,2.112099420524270188e-01
0.000000000000000000e+00,1.784940972659113667e-01
0.000000000000000000e+00,1.697438579294230920e-01
-9.719331788443074174e-03,2.078696874454829535e-01
-8.778573932093311841e-03,2.354443481054453446e-01
-4.564893465886018555e-03,2.588143660529658163e-01
-5.619054640372745345e-03,2.799974178733094510e-01
-1.419398805482008537e-02,3.069448357269686234e-01
-1.338451237315724934e-02,3.728938161909779447e-01
-6.111964558557069632e-02,3.748791999255230989e-01
-1.142317316891310192e-01,5.358211904933805059e-01
-1.164508418646704596e-01,6.545494028393702424e-01
-1.777004148094357694e-01,7.850003956637034985e-01
-3.726653965859202389e-01,8.141046026942291292e-01
-3.490819904637205984e-02,-1.260102092603844204e+00
-1.231100814482911400e-03,-1.465509808161766570e+00
-6.496866989074826827e-04,-1.465111650392142639e+00
-3.093327437539565974e-14,-1.465184231474472742e+00
6.496866988671800690e-04,-1.465111650392070697e+00
1.231100814467907343e-03,-1.465509808161808536e+00
3.490819904630557829e-02,-1.260102092603941681e+00
3.726653965858756634e-01,8.141046026942893032e-01
1.777004148094345759e-01,7.850003956635981384e-01
1.164508418646552079e-01,6.545494028393639141e-01
1.142317316891134638e-01,5.358211904934174763e-01
6.111964558559328936e-02,3.748791999254921792e-01
1.338451237315590493e-02,3.728938161910074767e-01
1.419398805482734692e-02,3.069448357269720651e-01
5.619054640369054721e-03,2.799974178732992924e-01
4.564893465882929012e-03,2.588143660529661494e-01
8.778573932094163590e-03,2.354443481054484255e-01
9.719331788441126080e-03,2.078696874454718790e-01
0.000000000000000000e+00,1.697438579294446581e-01
0.000000000000000000e+00,1.708593430853704853e-01
-3.673813127346883638e-03,2.036970944236609626e-01
2.477206870930030377e-04,2.274509782676295278e-01
7.074547994573280110e-03,2.494310193115213403e-01
1.145417811337178134e-02,2.739430123712720544e-01
1.279713937534583679e-02,3.060173374801629098e-01
2.078794726308222374e-02,3.510283308236762934e-01
4.247386905872710741e-03,4.113867214301395459e-01
4.844251686514212604e-03,5.165329744793448752e-01
1.285541596708289838e-02,6.395793604163885204e-01
4.341600923517917668e-03,8.686991116059533669e-01
7.194930745372249414e-02,6.966358355286154103e-01
5.296250706031050207e-03,-1.379081663303420857e+00
-1.023734192814640658e-03,-1.465751117894848798e+00
-4.995033396174304152e-04,-1.465674892904877957e+00
9.718941353517641085e-15,-1.466326394825875568e+00
4.995033396479676199e-04,-1.465674892904920146e+00
1.023734192788163140e-03,-1.465751117894770861e+00
-5.296250706018489074e-03,-1.379081663303445726e+00
-7.194930745370999026e-02,6.966358355285167114e-01
-4.341600923532046991e-03,8.686991116059253892e-01
-1.285541596710568224e-02,6.395793604163753088e-01
-4.844251686530628292e-03,5.165329744793333289e-01
-4.247386905869671506e-03,4.113867214301482611e-01
-2.078794726308936039e-02,3.510283308236737398e-01
-1.279713937534335960e-02,3.060173374801731239e-01
-1.145417811337515190e-02,2.739430123712667253e-01
-7.074547994577344567e-03,2.494310193115193974e-01
-2.477206870947327739e-04,2.274509782676311376e-01
3.673813127344267675e-03,2.036970944236518033e-01
0.000000000000000000e+00,1.708593430853814210e-01
0.000000000000000000e+00,1.719748282413179341e-01
2.398265735891772985e-03,1.995012689162210251e-01
9.292810371265572411e-03,2.194268642020369975e-01
1.875776171823432745e-02,2.400503593900482346e-01
2.873118368878185488e-02,2.680723113750627662e-01
3.997485730576796209e-02,3.045458135039992853e-01
5.527057521069522056e-02,3.282585146271682075e-01
7.150384993970268499e-02,4.514531125015270874e-01
1.190901694684045609e-01,4.862362687955843477e-01
1.493011499737822989e-01,5.997830986226844185e-01
2.440087811014291785e-01,7.758229115757766525e-01
3.968415259972501441e-01,7.534538012244937910e-01
1.175532060436142306e-01,-9.956946062654499219e-01
-1.294799239575355554e-03,-1.466575304973591232e+00
-4.711797056113383570e-04,-1.466149906598522401e+00
3.981638434939132473e-14,-1.466141581725827647e+00
4.711797056655512303e-04,-1.466149906598579911e+00
1.294799239509429340e-03,-1.466575304973478655e+00
-1.175532060435810905e-01,-9.956946062655823715e-01
-3.968415259971688758e-01,7.534538012245163285e-01
-2.440087811014257924e-01,7.758229115757563354e-01
-1.493011499738010894e-01,5.997830986226675432e-01
-1.190901694684112361e-01,4.862362687955329443e-01
-7.150384993971953262e-02,4.514531125015788793e-01
-5.527057521070808527e-02,3.282585146271321253e-01
-3.997485730577029356e-02,3.045458135040152725e-01
-2.873118368878497045e-02,2.680723113750624331e-01
-1.875776171823928529e-02,2.400503593900440991e-01
-9.292810371269905750e-03,2.194268642020371085e-01
-2.398265735895062020e-03,1.995012689162138919e-01
0.000000000000000000e+00,1.719748282413182117e-01
0.000000000000000000e+00,1.730903133972653829e-01
8.497092174101784565e-03,1.952820470261970309e-01
1.835685926089044434e-02,2.113717374141517724e-01
3.048522535832997454e-02,2.306724156077579191e-01
4.555365127639490752e-02,2.607668732738187001e-01
6.371465517700877768e-02,2.916350702974185860e-01
8.463732222670788952e-02,3.079282839999856192e-01
1.287614067980857591e-01,3.784490477065290404e-01
1.919930067577985122e-01,4.335402207576880551e-01
2.886937343348321972e-01,5.271169844934111559e-01
4.134335233969189116e-01,6.234949037215644640e-01
5.941240329806529719e-01,7.026003488770674599e-01
3.280348458010108881e-01,-5.708427575871435344e-01
3.411226034427849996e-02,-1.411831203715101957e+00
-5.191935274051848875e-04,-1.466579973756227728e+00
-4.254159549679531735e-16,-1.466518626684670146e+00
5.191935274001103877e-04,-1.466579973756163779e+00
-3.411226034419015396e-02,-1.411831203715183447e+00
-3.280348458009719748e-01,-5.708427575872467852e-01
-5.941240329806425358e-01,7.026003488770987682e-01
-4.134335233969120837e-01,6.234949037215187229e-01
-2.886937343348354723e-01,5.271169844933893955e-01
-1.919930067577974020e-01,4.335402207576849465e-01
-1.287614067980975274e-01,3.784490477065392544e-01
-8.463732222671351002e-02,3.079282839999565313e-01
-6.371465517701381531e-02,2.916350702974369602e-01
-4.555365127639756512e-02,2.607668732738225303e-01
-3.048522535833574770e-02,2.306724156077517018e-01
-1.835685926089741099e-02,2.113717374141501903e-01
-8.497092174105748408e-03,1.952820470261919239e-01
0.000000000000000000e+00,1.730903133972550023e-01
0.000000000000000000e+00,1.742057985532128039e-01
1.341990190310686330e-02,1.880563581143101792e-01
2.474100606433250749e-02,1.999676219100342822e-01
3.784640338274274096e-02,2.157909860350589459e-01
5.562287897322375219e-02,2.371823204703528698e-01
8.090599161423867036e-02,2.590049822953832681e-01
1.105305704457883453e-01,2.887642834354653409e-01
1.828326980409842317e-01,2.978895654875761134e-01
2.371954157948208963e-01,3.715211380295267429e-01
3.053328902065034489e-01,4.324841945804712706e-01
4.163902922138475460e-01,5.141505034279207909e-01
6.291922446426472249e-01,4.328740961318903180e-01
5.487062490998440012e-01,-3.181047962473735335e-01
3.420836428414054109e-01,-1.106801382446133131e+00
1.140368121953213021e-01,-1.339072884012627584e+00
8.087148398822460196e-15,-1.426540244429831850e+00
-1.140368121953232727e-01,-1.339072884012610487e+00
-3.420836428413075447e-01,-1.106801382446126469e+00
-5.487062490997368647e-01,-3.181047962473999013e-01
-6.291922446426321258e-01,4.328740961319088032e-01
-4.163902922137894258e-01,5.141505034279725272e-01
-3.053328902065008399e-01,4.324841945804696608e-01
-2.371954157948127362e-01,3.715211380295431187e-01
-1.828326980409906710e-01,2.978895654875462484e-01
-1.105305704457792415e-01,2.887642834354668397e-01
-8.090599161424197328e-02,2.590049822953953140e-01
-5.562287897322498731e-02,2.371823204703558952e-01
-3.784640338274559979e-02,2.157909860350547826e-01
-2.474100606433833616e-02,1.999676219100324781e-01
-1.341990190311065367e-02,1.880563581143065432e-01
0.000000000000000000e+00,1.742057985531917930e-01
0.000000000000000000e+00,1.557573864379100115e-01
1.513146789418334109e-02,1.728385417858491757e-01
2.884892026509745105e-02,1.857783462969259114e-01
4.418929253052280431e-02,1.997348297990302335e-01
6.551983149840957810e-02,2.139482869374847995e-01
9.780715524726149579e-02,2.259258559151845480e-01
1.265028426975525200e-01,2.664581193016447025e-01
1.648357166038182109e-01,2.667920786411234202e-01
2.061142790763427213e-01,3.066554098101462178e-01
2.926178000640560217e-01,3.242753441223137911e-01
4.122491445356320505e-01,3.600210121086507287e-01
6.226810181785374931e-01,1.995902772540933401e-01
6.944337226264348795e-01,-3.118211881175374511e-01
6.099843026770608301e-01,-9.223869513057765257e-01
2.804468797972010097e-01,-1.096659354097826666e+00
-1.031683081000319164e-14,-1.297551477476852400e+00
-2.804468797971594318e-01,-1.096659354097848427e+00
-6.099843026770440657e-01,-9.223869513058871039e-01
-6.944337226264043483e-01,-3.118211881175484423e-01
-6.226810181785236153e-01,1.995902772541270076e-01
-4.122491445356110118e-01,3.600210121087109028e-01
-2.926178000640666799e-01,3.242753441223018562e-01
-2.061142790763476063e-01,3.066554098101375025e-01
-1.648357166038167398e-01,2.667920786410985512e-01
-1.265028426975380871e-01,2.664581193016664074e-01
-9.780715524726363297e-02,2.259258559151891832e-01
-6.551983149840945320e-02,2.139482869374871310e-01
-4.418929253052202022e-02,1.997348297990291788e-01
-2.884892026509890822e-02,1.857783462969249677e-01
-1.513146789418460397e-02,1.728385417858452899e-01
0.000000000000000000e+00,1.557573864378913875e-01
0.000000000000000000e+00,1.373089743226071358e-01
1.683341785595511564e-02,1.576025751179213896e-01
3.292667947364406877e-02,1.715845406627381498e-01
5.049571168078641203e-02,1.837432079840075339e-01
7.139957398959240198e-02,1.930044549742739590e-01
8.605829608804782538e-02,2.071506813314097917e-01
1.035921949078437015e-01,2.354935625408031141e-01
1.239023665367106342e-01,2.502101895962938194e-01
1.722333128661391877e-01,2.537103973162615489e-01
2.772248198865730484e-01,2.074612331201265703e-01
4.121856852711314190e-01,1.977255001916064237e-01
5.520123307841352522e-01,2.359851064058898773e-02
6.461103821463335395e-01,-2.843177736140679590e-01
5.122913077193197440e-01,-6.456945663731867846e-01
2.726612725991922614e-01,-8.964377775027132511e-01
1.845324097623360322e-15,-9.842583867356120564e-01
-2.726612725991788277e-01,-8.964377775027631001e-01
-5.122913077193225195e-01,-6.456945663732226448e-01
-6.461103821463636265e-01,-2.843177736140545808e-01
-5.520123307841866556e-01,2.359851064061595921e-02
-4.121856852711673902e-01,1.977255001916317367e-01
-2.772248198865808200e-01,2.074612331201037829e-01
-1.722333128661499013e-01,2.537103973162421755e-01
-1.239023665367058463e-01,2.502101895962827727e-01
-1.035921949078409121e-01,2.354935625408062783e-01
-8.605829608804901887e-02,2.071506813314149542e-01
-7.139957398959095869e-02,1.930044549742756799e-01
-5.049571168078194339e-02,1.837432079840095045e-01
-3.292667947364116832e-02,1.715845406627379832e-01
-1.683341785595386664e-02,1.576025751179173096e-01
0.000000000000000000e+00,1.373089743225909820e-01
0.000000000000000000e+00,1.188605622073042739e-01
1.852583785897724336e-02,1.423486205694527162e-01
3.593778237053196073e-02,1.581033371852064162e-01
4.244309086953273330e-02,1.743341869392273924e-01
5.051094564361858358e-02,1.858116157554947911e-01
5.951921203989246623e-02,1.970689735912379281e-01
8.027691813213704009e-02,2.068577792300417828e-01
1.001358174161564585e-01,2.193002172784461468e-01
1.834889511143974195e-01,1.738064943694002662e-01
2.566910651562707146e-01,1.044368982728158396e-01
3.730003463128254704e-01,5.179491324890961312e-02
4.597619903914146322e-01,-5.599870761959936660e-02
5.244115902736123935e-01,-2.058468160486179865e-01
4.126546671968878699e-01,-4.874637379069191034e-01
2.334974408944663349e-01,-6.607482578896849423e-01
1.797511457383343830e-14,-6.705496882804988790e-01
-2.334974408944701929e-01,-6.607482578897331260e-01
-4.126546671969033020e-01,-4.874637379069581833e-01
-5.244115902736289359e-01,-2.058468160486062459e-01
-4.597619903914355044e-01,-5.599870761958217202e-02
-3.730003463128371832e-01,5.179491324891410953e-02
-2.566910651562525625e-01,1.044368982727927608e-01
-1.834889511143992791e-01,1.738064943693902464e-01
-1.001358174161539050e-01,2.193002172784402348e-01
-8.027691813214414551e-02,2.068577792300292373e-01
-5.951921203988945475e-02,1.970689735912506957e-01
-5.051094564361585659e-02,1.858116157554946246e-01
-4.244309086952763321e-02,1.743341869392300569e-01
-3.593778237052536878e-02,1.581033371852068048e-01
-1.852583785897349289e-02,1.423486205694483864e-01
0.000000000000000000e+00,1.188605622072905765e-01
0.000000000000000000e+00,1.004121500920014121e-01
1.433298955038360932e-02,1.369925538481310823e-01
2.045585486637149786e-02,1.575112791282086699e-01
2.441390055573383622e-02,1.695984902864364208e-01
2.997285911180786605e-02,1.786212647440680590e-01
3.273650499574184275e-02,1.883893966536918929e-01
7.229825637686491946e-02,1.704798619164746287e-01
1.258969900700178668e-01,1.485794325911838076e-01
2.015759479003304822e-01,9.430866340210186660e-02
2.466967560500027690e-01,2.287851945839303874e-02
2.773164752925862953e-01,-3.474483107110645785e-02
3.136738196513495502e-01,-9.943843847933192537e-02
3.243815681927648131e-01,-1.926413539187288304e-01
3.001747296380091745e-01,-3.227772894884863852e-01
1.722333833805224645e-01,-4.424491364032302476e-01
1.504736592098685291e-14,-5.424529770511604676e-01
-1.722333833805220482e-01,-4.424491364032374641e-01
-3.001747296380227192e-01,-3.227772894884923804e-01
-3.243815681927760819e-01,-1.926413539187298851e-01
-3.136738196513420562e-01,-9.943843847932637425e-02
-2.773164752925624255e-01,-3.474483107110805380e-02
-2.466967560499696288e-01,2.287851945838408410e-02
-2.015759479003297883e-01,9.430866340209885512e-02
-1.258969900700175337e-01,1.485794325911785896e-01
-7.229825637687367634e-02,1.704798619164568096e-01
-3.273650499573359240e-02,1.883893966537141251e-01
-2.997285911180412252e-02,1.786212647440653112e-01
-2.441390055573000595e-02,1.695984902864385580e-01
-2.045585486636700145e-02,1.575112791282106406e-01
-1.433298955037969058e-02,1.369925538481261418e-01
0.000000000000000000e+00,1.004121500919901433e-01
0.000000000000000000e+00,1.072541401236895425e-01
4.735144612342346258e-03,1.409328076500393767e-01
5.091426820408296444e-03,1.570453364505149108e-01
6.412992798944087275e-03,1.650007740893378594e-01
9.772597756157068438e-03,1.714333116750641206e-01
3.352454399297119525e-02,1.592832409459681020e-01
9.037259150610445213e-02,1.190717089540135193e-01
1.494676324639502285e-01,8.142742142856917997e-02
2.257115819224085607e-01,1.517037762374253557e-02
2.356266829607662761e-01,-1.682398658727152913e-02
2.484471004701617469e-01,-5.251393558436436015e-02
2.609101487714524659e-01,-9.578201518951459659e-02
2.361251142163048322e-01,-1.706909460512635035e-01
2.124561807899535970e-01,-2.491968375548571923e-01
1.122194526729014957e-01,-3.161569092545913895e-01
2.911611980454486071e-15,-3.862534633489521640e-01
-1.122194526728988451e-01,-3.161569092545926107e-01
-2.124561807899491006e-01,-2.491968375548596903e-01
-2.361251142162971439e-01,-1.706909460512677501e-01
-2.609101487714420853e-01,-9.578201518952111915e-02
-2.484471004701517827e-01,-5.251393558436847492e-02
-2.356266829607595870e-01,-1.682398658727222995e-02
-2.257115819224106978e-01,1.517037762374448193e-02
-1.494676324639501175e-01,8.142742142856528031e-02
-9.037259150610721381e-02,1.190717089540010432e-01
-3.352454399296429799e-02,1.592832409459910836e-01
-9.772597756152568566e-03,1.714333116750580976e-01
-6.412992798941556313e-03,1.650007740893397468e-01
-5.091426820405926812e-03,1.570453364505183247e-01
-4.735144612340463216e-03,1.409328076500332982e-01
0.000000000000000000e+00,1.072541401236793285e-01
0.000000000000000000e+00,1.145922075206135815e-01
-4.746266357508672692e-03,1.449142812176963113e-01
-1.015828361022371243e-02,1.567025233241596260e-01
-1.156045173367401674e-02,1.605370411167675315e-01
1.945785452994684001e-02,1.408153921946654064e-01
5.889390275936404878e-02,1.121119150637117229e-01
1.093492566006203925e-01,6.826088858752667188e-02
1.710384553791151341e-01,1.753348112690280430e-02
1.928290926477720379e-01,-1.061239439369154186e-02
1.977761896036457911e-01,-2.946249221035249569e-02
2.028334105798715314e-01,-4.994337913445503346e-02
1.907175534560939800e-01,-8.867349849837956322e-02
1.634999898679848629e-01,-1.433664151482898497e-01
1.306952586026849661e-01,-1.964200196742627025e-01
6.598180288539562399e-02,-2.171708090034220884e-01
-7.626047534138477697e-15,-2.379961943344588993e-01
-6.598180288539495786e-02,-2.171708090034227545e-01
-1.306952586026696450e-01,-1.964200196742639237e-01
-1.634999898679706243e-01,-1.433664151482944571e-01
-1.907175534560828778e-01,-8.867349849838777887e-02
-2.028334105798651199e-01,-4.994337913446181276e-02
-1.977761896036430156e-01,-2.946249221035505961e-02
-1.928290926477712330e-01,-1.061239439369095726e-02
-1.710384553791133300e-01,1.753348112690079896e-02
-1.093492566006185746e-01,6.826088858751813704e-02
-5.889390275936155078e-02,1.121119150637274603e-01
-1.945785452994548692e-02,1.408153921946566078e-01
1.156045173367520676e-02,1.605370411167694189e-01
1.015828361022395529e-02,1.567025233241644000e-01
4.746266357508546058e-03,1.449142812176892059e-01
0.000000000000000000e+00,1.145922075206040891e-01
0.000000000000000000e+00,1.219302749175376066e-01
-1.411348490374004713e-02,1.489361810031060718e-01
-2.458363996663750703e-02,1.558362842493910549e-01
4.792500403285720675e-03,1.293861696260424909e-01
4.163043424438861440e-02,1.005714019087948358e-01
8.409930694296333109e-02,6.558567931917877458e-02
1.291673567823047319e-01,1.800708907184153315e-02
1.447689197215738244e-01,-9.278375208068036922e-03
1.479742303902999712e-01,-1.854569544335199840e-02
1.523441659160934825e-01,-2.884880623210052397e-02
1.566189112911421377e-01,-4.043350303547601360e-02
1.395158653243990521e-01,-7.480648320282769215e-02
1.214808216616995451e-01,-1.110518348161215751e-01
9.370549038766912142e-02,-1.429078596967281733e-01
4.727759123782607209e-02,-1.625832104974402614e-01
6.969469003110703581e-15,-1.823085347077861296e-01
-4.727759123781988954e-02,-1.625832104974426207e-01
-9.370549038767098105e-02,-1.429078596967326142e-01
-1.214808216617052350e-01,-1.110518348161261826e-01
-1.395158653244065461e-01,-7.480648320282962116e-02
-1.566189112911520465e-01,-4.043350303547315477e-02
-1.523441659160973405e-01,-2.884880623209958028e-02
-1.479742303902971401e-01,-1.854569544335351802e-02
-1.447689197215626111e-01,-9.278375208072793534e-03
-1.291673567822995972e-01,1.800708907183563162e-02
-8.409930694296520459e-02,6.558567931918758698e-02
-4.163043424438844786e-02,1.005714019087869532e-01
-4.792500403286458800e-03,1.293861696260433236e-01
2.458363996663497780e-02,1.558362842493963840e-01
1.411348490373793424e-02,1.489361810030979116e-01
0.000000000000000000e+00,1.219302749175288358e-01
0.000000000000000000e+00,1.292683423144616595e-01
-1.930896265395847661e-02,1.471949302325140374e-01
-4.568277027614913756e-03,1.239343910401500826e-01
2.673125519350710855e-02,9.407556216163451279e-02
6.359590680921338446e-02,6.075641698191211471e-02
1.089815394156587597e-01,1.972886708854868984e-02
1.343489890025594269e-01,-1.154825115139534140e-02
1.313874054523391233e-01,-1.431815221486461287e-02
1.288817072511126705e-01,-1.765778762163992821e-02
1.268539925011367975e-01,-2.159477406922070269e-02
1.198021711007798557e-01,-3.554132927170477324e-02
1.062904686200922405e-01,-6.089016552652323777e-02
9.245558212906458684e-02,-8.682732944509129192e-02
6.791015476686018681e-02,-1.068948104022122841e-01
3.417150781126476050e-02,-1.217834985132354997e-01
5.026670819316143524e-15,-1.368940601163133597e-01
-3.417150781126022246e-02,-1.217834985132367209e-01
-6.791015476685999253e-02,-1.068948104022146017e-01
-9.245558212906622442e-02,-8.682732944509406747e-02
-1.062904686200934340e-01,-6.089016552652552761e-02
-1.198021711007807993e-01,-3.554132927170668144e-02
-1.268539925011370195e-01,-2.159477406922270804e-02
-1.288817072511120876e-01,-1.765778762164226662e-02
-1.313874054523384571e-01,-1.431815221486706056e-02
-1.343489890025593436e-01,-1.154825115139766246e-02
-1.089815394156646439e-01,1.972886708855146540e-02
-6.359590680921418937e-02,6.075641698190568929e-02
-2.673125519350810081e-02,9.407556216163526219e-02
4.568277027613056734e-03,1.239343910401541349e-01
1.930896265395477124e-02,1.471949302325049336e-01
0.000000000000000000e+00,1.292683423144535826e-01
0.000000000000000000e+00,1.269262191991566702e-01
-6.080281172046352739e-03,1.190953741722372838e-01
1.530910051487089502e-02,9.211683924407954027e-02
4.869472418456607249e-02,5.895048253580673081e-02
8.536306386651673628e-02,2.135222625336783905e-02
1.226853482271264562e-01,-1.497008084024830515e-02
1.173714007777171692e-01,-1.336241080503317372e-02
1.120561798074698051e-01,-1.197474881896946723e-02
1.067396358174933918e-01,-1.081564610017018285e-02
1.014217161973578335e-01,-9.894191403003318314e-03
9.139217716749935272e-02,-2.743129234644004627e-02
8.077635786836157017e-02,-4.682579356973533974e-02
6.996402904496401565e-02,-6.652948025597238413e-02
4.901751954444882875e-02,-7.892514980085708898e-02
2.460819862195407631e-02,-8.891627339876308211e-02
-4.134074897507055620e-15,-9.898087420805083692e-02
-2.460819862195625859e-02,-8.891627339876242986e-02
-4.901751954444484582e-02,-7.892514980085583998e-02
-6.996402904495575836e-02,-6.652948025597145432e-02
-8.077635786835429821e-02,-4.682579356973699813e-02
-9.139217716749298281e-02,-2.743129234644410552e-02
-1.014217161973526432e-01,-9.894191403008638711e-03
-1.067396358174911852e-01,-1.081564610017408425e-02
-1.120561798074704157e-01,-1.197474881897206932e-02
-1.173714007777203611e-01,-1.336241080503458231e-02
-1.226853482271321183e-01,-1.497008084024862434e-02
-8.536306386651826283e-02,2.135222625336339469e-02
-4.869472418456731455e-02,5.895048253580711939e-02
-1.530910051487202779e-02,9.211683924408252400e-02
6.080281172044198212e-03,1.190953741722299425e-01
0.000000000000000000e+00,1.269262191991491484e-01
0.000000000000000000e+00,1.057718493326305492e-01
6.955772823868743016e-03,9.109694941201587626e-02
3.505239151226380301e-02,6.038124574927944410e-02
7.068206073395501277e-02,2.400457506036509855e-02
1.069401319081171309e-01,-1.765821077535445482e-02
1.019614918650030844e-01,-1.370993546947579279e-02
9.666199645534645501e-02,-9.605592449154312304e-03
9.136163787241455281e-02,-5.650367576494417197e-03
8.606038829119024014e-02,-1.849067783235663637e-03
7.979913908869670780e-02,-5.239082839801355133e-03
7.187042929198284025e-02,-2.040572183294903086e-02
6.381342271358607376e-02,-3.577422127020495057e-02
5.562452906377573364e-02,-5.135023006551688030e-02
3.746211492959662659e-02,-5.945711439599134229e-02
1.879746950786857773e-02,-6.732581432735149085e-02
5.061778119361409334e-16,-7.524358734976319130e-02
-1.879746950786727669e-02,-6.732581432735243454e-02
-3.746211492959503064e-02,-5.945711439599319498e-02
-5.562452906377399892e-02,-5.135023006551965585e-02
-6.381342271358485252e-02,-3.577422127020711551e-02
-7.187042929198204921e-02,-2.040572183295050884e-02
-7.979913908869622208e-02,-5.239082839802088054e-03
-8.606038829119039280e-02,-1.849067783235603356e-03
-9.136163787241521894e-02,-5.650367576494627966e-03
-9.666199645534753748e-02,-9.605592449154850068e-03
-1.019614918650044166e-01,-1.370993546947670699e-02
-1.069401319081191987e-01,-1.765821077535639078e-02
-7.068206073395648381e-02,2.400457506036490080e-02
-3.505239151226414995e-02,6.038124574928138699e-02
-6.955772823869370985e-03,9.109694941201021412e-02
0.000000000000000000e+00,1.057718493326242903e-01
0.000000000000000000e+00,8.461747946610444215e-02
1.980364334887840805e-02,6.319732280078699249e-02
5.466533508941940483e-02,2.872532507422592696e-02
9.269246133912793784e-02,-1.076819210410236843e-02
9.453596226642535516e-02,-1.477271496330793445e-02
8.798112771884789018e-02,-9.086593912999939987e-03
8.147920200817702907e-02,-3.457570378681437424e-03
7.503158669325057928e-02,2.112843122404160258e-03
6.863974092376981528e-02,7.623071922804844185e-03
6.281546804988147326e-02,-1.732071432464215438e-03
5.701978922084235957e-02,-1.411446055083723748e-02
5.113757741134934698e-02,-2.658460970304164089e-02
4.368833161800388803e-02,-3.795211443259840361e-02
2.918614706242532789e-02,-4.374740782697181252e-02
1.462358391944746858e-02,-4.957772777641362982e-02
2.692678275837502581e-15,-5.544344682476282093e-02
-1.462358391944384821e-02,-4.957772777641450412e-02
-2.918614706242337112e-02,-4.374740782697351255e-02
-4.368833161800356191e-02,-3.795211443260091549e-02
-5.113757741134970780e-02,-2.658460970304361848e-02
-5.701978922084312978e-02,-1.411446055083841709e-02
-6.281546804988261123e-02,-1.732071432464672538e-03
-6.863974092377124470e-02,7.623071922805479093e-03
-7.503158669325193930e-02,2.112843122404448222e-03
-8.147920200817833358e-02,-3.457570378681462143e-03
-8.798112771884908367e-02,-9.086593913000245298e-03
-9.453596226642649314e-02,-1.477271496330848782e-02
-9.269246133912965868e-02,-1.076819210410338498e-02
-5.466533508941894687e-02,2.872532507422697126e-02
-1.980364334887751987e-02,6.319732280078299569e-02
0.000000000000000000e+00,8.461747946609943227e-02
0.000000000000000000e+00,6.346310959957833508e-02
3.246763123579987642e-02,3.539423635957176378e-02
7.415151931593609580e-02,-2.853115932443928311e-03
8.755035908309799497e-02,-1.584788779648565321e-02
8.037896129361557507e-02,-9.265990814874218440e-03
7.318673978448514417e-02,-2.678593438316998528e-03
6.597323637904012328e-02,3.914425356358806202e-03
5.873797767374761003e-02,1.051319061436335744e-02
5.258146854124724767e-02,1.220377134023912027e-02
4.904057790349499596e-02,1.882806326050074849e-03
4.540048437987194430e-02,-8.472946865464394892e-03
4.165925948983145027e-02,-1.886416450821142010e-02
3.483909466221649098e-02,-2.674081820793041200e-02
2.324099412032376230e-02,-3.059935390833736640e-02
1.162800693252590348e-02,-3.450128489507832408e-02
3.062721989400355897e-15,-3.844699915759264286e-02
-1.162800693252132554e-02,-3.450128489507828244e-02
-2.324099412032063980e-02,-3.059935390833731436e-02
-3.483909466221477014e-02,-2.674081820793036690e-02
-4.165925948983077026e-02,-1.886416450821169766e-02
-4.540048437987185409e-02,-8.472946865464977759e-03
-4.904057790349548168e-02,1.882806326049169757e-03
-5.258146854124831626e-02,1.220377134023787474e-02
-5.873797767374858148e-02,1.051319061436269478e-02
-6.597323637904090043e-02,3.914425356358317010e-03
-7.318673978448571316e-02,-2.678593438317309477e-03
-8.037896129361592201e-02,-9.265990814874348544e-03
-8.755035908309811987e-02,-1.584788779648559076e-02
-7.415151931593474965e-02,-2.853115932443678511e-03
-3.246763123579750332e-02,3.539423635956943925e-02
0.000000000000000000e+00,6.346310959957457420e-02
0.000000000000000000e+00,4.230873973305221414e-02
4.495190011925116746e-02,7.685504139777793627e-03
7.354494321418467151e-02,-1.516152314692516268e-02
6.699817326689858077e-02,-8.744615892619473849e-03
6.043994434145251449e-02,-2.324681854116711702e-03
5.387004523923537291e-02,4.098334754763164646e-03
4.728825906670962309e-02,1.052449122446285149e-02
4.069436302851865694e-02,1.695384640433657275e-02
3.888559288300126593e-02,1.174658221133793867e-02
3.865059037206783343e-02,2.584916358300328246e-03
3.836009471162397239e-02,-6.596209669797408089e-03
3.801319331373574639e-02,-1.579711589661780824e-02
3.158134946408523019e-02,-1.992450615519991350e-02
2.106254148233680998e-02,-2.063685231203481532e-02
1.053544587554482159e-02,-2.137335729309955065e-02
1.869062654668729655e-15,-2.213420370780382410e-02
-1.053544587554148398e-02,-2.137335729309912391e-02
-2.106254148233379850e-02,-2.063685231203395837e-02
-3.158134946408253790e-02,-1.992450615519864715e-02
-3.801319331373351207e-02,-1.579711589661676047e-02
-3.836009471162211276e-02,-6.596209669797212932e-03
-3.865059037206634157e-02,2.584916358299658642e-03
-3.888559288300014183e-02,1.174658221133639824e-02
-4.069436302851746345e-02,1.695384640433489354e-02
-4.728825906670781898e-02,1.052449122446159034e-02
-5.387004523923293736e-02,4.098334754762320703e-03
-6.043994434144946831e-02,-2.324681854117128035e-03
-6.699817326689488928e-02,-8.744615892619463440e-03
-7.354494321418034164e-02,-1.516152314692471512e-02
-4.495190011924733720e-02,7.685504139777145707e-03
0.000000000000000000e+00,4.230873973304971614e-02
0.000000000000000000e+00,2.115436986652610707e-02
4.302833202424115322e-02,-9.736496873470354071e-03
4.090156485196681790e-02,-5.943790660202189803e-03
3.871575362625757216e-02,-2.114000069834302831e-03
3.646998064243137105e-02,1.753451289403761860e-03
3.416330812961920760e-02,5.659152412449123225e-03
3.179477767536874333e-02,9.603705258800356720e-03
3.028362409767632046e-02,1.169335021269130373e-02
3.233552770719851782e-02,6.366924752795457415e-03
3.437342383072070767e-02,9.938937908202834237e-04
3.639711795607221412e-02,-4.426389851277107157e-03
3.840641177696701991e-02,-9.894585975264510655e-03
3.055759753377455118e-02,-1.063359157349095738e-02
2.037091267084138735e-02,-1.024144180532948062e-02
1.018504507735111878e-02,-9.847701316059652779e-03
1.587910865582745398e-15,-9.452359893586743250e-03
-1.018504507734740994e-02,-9.847701316059276344e-03
-2.037091267083708870e-02,-1.024144180532873122e-02
-3.055759753376965926e-02,-1.063359157348983675e-02
-3.840641177696184350e-02,-9.894585975263294614e-03
-3.639711795606728056e-02,-4.426389851276579801e-03
-3.437342383071603086e-02,9.938937908201264312e-04
-3.233552770719409081e-02,6.366924752794624748e-03
-3.028362409767215366e-02,1.169335021268980319e-02
-3.179477767536453836e-02,9.603705258799201394e-03
-3.416330812961503038e-02,5.659152412448291425e-03
-3.646998064242722160e-02,1.753451289403251852e-03
-3.871575362625347128e-02,-2.114000069834498854e-03
-4.090156485196278641e-02,-5.943790660202072709e-03
-4.302833202423719805e-02,-9.736496873469923860e-03
0.000000000000000000e+00,2.115436986652485807e-02
0.000000000000000000e+00,0.000000000000000000e+00
3.911806637849827087e-03,0.000000000000000000e+00
7.823613275699652439e-03,0.000000000000000000e+00
1.173541991354947953e-02,0.000000000000000000e+00
1.564722655139930488e-02,0.000000000000000000e+00
1.955903318924913023e-02,0.000000000000000000e+00
2.347083982709895558e-02,0.000000000000000000e+00
2.721162566138973782e-02,0.000000000000000000e+00
3.086440956896228244e-02,0.000000000000000000e+00
3.451719347653482706e-02,0.000000000000000000e+00
3.816997738410737168e-02,0.000000000000000000e+00
4.155264319154916564e-02,0.000000000000000000e+00
3.116448239366239811e-02,0.000000000000000000e+00
2.077632159577562365e-02,0.000000000000000000e+00
1.038816079788885439e-02,0.000000000000000000e+00
2.112689201264998579e-15,0.000000000000000000e+00
-1.038816079788335532e-02,0.000000000000000000e+00
-2.077632159576879231e-02,0.000000000000000000e+00
-3.116448239365422757e-02,0.000000000000000000e+00
-4.155264319153966629e-02,0.000000000000000000e+00
-3.816997738409825397e-02,0.000000000000000000e+00
-3.451719347652595915e-02,0.000000000000000000e+00
-3.086440956895365739e-02,0.000000000000000000e+00
-2.721162566138135910e-02,0.000000000000000000e+00
-2.347083982709119096e-02,0.000000000000000000e+00
-1.955903318924265971e-02,0.000000000000000000e+00
-1.564722655139412846e-02,0.000000000000000000e+00
-1.173541991354559548e-02,0.000000000000000000e+00
-7.823613275697062497e-03,0.000000000000000000e+00
-3.911806637848531248e-03,0.000000000000000000e+00
0.000000000000000000e+00,0.000000000000000000e+00
